legislature,segment,pshift,frequency_wave_1,frequency_wave_2,frequency_diff,probability_wave_1,probability_wave_2,probability_diff,p_s_given_d_c_diff,p_s_given_d_c_wave_1,p_s_given_d_c_wave_2,p_s_given_d_diff,p_s_given_d_wave_1,p_s_given_d_wave_2
1,1,A0-AY,0,0,0,0.0,0.0,0.0,0.0,0.0,0.0,0.0,0.0,0.0
1,1,A0-X0,56,41,-15,0.68,0.51,-0.17000000000000004,-0.13,0.81,0.68,-0.13,0.81,0.68
1,1,A0-XA,13,19,6,0.16,0.24,0.07999999999999999,0.13,0.19,0.32,0.13,0.19,0.32
1,1,A0-XY,0,0,0,0.0,0.0,0.0,0.0,0.0,0.0,0.0,0.0,0.0
1,1,AB-A0,0,0,0,0.0,0.0,0.0,0.0,0.0,0.0,0.0,0.0,0.0
1,1,AB-AY,0,0,0,0.0,0.0,0.0,0.0,0.0,0.0,0.0,0.0,0.0
1,1,AB-B0,12,15,3,0.15,0.19,0.04000000000000001,-0.17000000000000004,0.92,0.75,-0.17000000000000004,0.92,0.75
1,1,AB-BA,0,2,2,0.0,0.02,0.02,0.1,0.0,0.1,0.1,0.0,0.1
1,1,AB-BY,0,0,0,0.0,0.0,0.0,0.0,0.0,0.0,0.0,0.0,0.0
1,1,AB-X0,1,2,1,0.01,0.02,0.01,0.020000000000000004,0.08,0.1,0.020000000000000004,0.08,0.1
1,1,AB-XA,0,1,1,0.0,0.01,0.01,0.05,0.0,0.05,0.05,0.0,0.05
1,1,AB-XB,0,0,0,0.0,0.0,0.0,0.0,0.0,0.0,0.0,0.0,0.0
1,1,AB-XY,0,0,0,0.0,0.0,0.0,0.0,0.0,0.0,0.0,0.0,0.0
1,2,A0-AY,0,0,0,0.0,0.0,0.0,0.0,0.0,0.0,0.0,0.0,0.0
1,2,A0-X0,45,50,5,0.54,0.62,0.07999999999999996,0.07000000000000006,0.7,0.77,0.07000000000000006,0.7,0.77
1,2,A0-XA,19,15,-4,0.23,0.19,-0.04000000000000001,-0.06999999999999998,0.3,0.23,-0.06999999999999998,0.3,0.23
1,2,A0-XY,0,0,0,0.0,0.0,0.0,0.0,0.0,0.0,0.0,0.0,0.0
1,2,AB-A0,3,0,-3,0.04,0.0,-0.04,0.0,0.0,0.0,-0.16,0.16,0.0
1,2,AB-AY,0,0,0,0.0,0.0,0.0,0.0,0.0,0.0,0.0,0.0,0.0
1,2,AB-B0,14,8,-6,0.17,0.1,-0.07,-0.38,0.88,0.5,-0.24,0.74,0.5
1,2,AB-BA,0,1,1,0.0,0.01,0.01,0.06,0.0,0.06,0.06,0.0,0.06
1,2,AB-BY,0,0,0,0.0,0.0,0.0,0.0,0.0,0.0,0.0,0.0,0.0
1,2,AB-X0,2,6,4,0.02,0.07,0.05,0.26,0.12,0.38,0.27,0.11,0.38
1,2,AB-XA,0,1,1,0.0,0.01,0.01,0.06,0.0,0.06,0.06,0.0,0.06
1,2,AB-XB,0,0,0,0.0,0.0,0.0,0.0,0.0,0.0,0.0,0.0,0.0
1,2,AB-XY,0,0,0,0.0,0.0,0.0,0.0,0.0,0.0,0.0,0.0,0.0
1,3,A0-AY,0,0,0,0.0,0.0,0.0,0.0,0.0,0.0,0.0,0.0,0.0
1,3,A0-X0,56,51,-5,0.67,0.63,-0.040000000000000036,-0.020000000000000018,0.8,0.78,-0.020000000000000018,0.8,0.78
1,3,A0-XA,14,14,0,0.17,0.17,0.0,0.01999999999999999,0.2,0.22,0.01999999999999999,0.2,0.22
1,3,A0-XY,0,0,0,0.0,0.0,0.0,0.0,0.0,0.0,0.0,0.0,0.0
1,3,AB-A0,1,0,-1,0.01,0.0,-0.01,0.0,0.0,0.0,-0.07,0.07,0.0
1,3,AB-AY,0,0,0,0.0,0.0,0.0,0.0,0.0,0.0,0.0,0.0,0.0
1,3,AB-B0,11,2,-9,0.13,0.02,-0.11,-0.73,0.85,0.12,-0.67,0.79,0.12
1,3,AB-BA,0,0,0,0.0,0.0,0.0,0.0,0.0,0.0,0.0,0.0,0.0
1,3,AB-BY,0,0,0,0.0,0.0,0.0,0.0,0.0,0.0,0.0,0.0,0.0
1,3,AB-X0,2,11,9,0.02,0.14,0.12000000000000001,0.5399999999999999,0.15,0.69,0.5499999999999999,0.14,0.69
1,3,AB-XA,0,3,3,0.0,0.04,0.04,0.19,0.0,0.19,0.19,0.0,0.19
1,3,AB-XB,0,0,0,0.0,0.0,0.0,0.0,0.0,0.0,0.0,0.0,0.0
1,3,AB-XY,0,0,0,0.0,0.0,0.0,0.0,0.0,0.0,0.0,0.0,0.0
2,1,A0-AY,0,0,0,0.0,0.0,0.0,0.0,0.0,0.0,0.0,0.0,0.0
2,1,A0-X0,54,7,-47,0.68,0.09,-0.5900000000000001,-0.47,0.82,0.35,-0.47,0.82,0.35
2,1,A0-XA,12,13,1,0.15,0.16,0.010000000000000009,0.47000000000000003,0.18,0.65,0.47000000000000003,0.18,0.65
2,1,A0-XY,0,0,0,0.0,0.0,0.0,0.0,0.0,0.0,0.0,0.0,0.0
2,1,AB-A0,2,0,-2,0.02,0.0,-0.02,0.0,0.0,0.0,-0.14,0.14,0.0
2,1,AB-AY,0,0,0,0.0,0.0,0.0,0.0,0.0,0.0,0.0,0.0,0.0
2,1,AB-B0,6,8,2,0.08,0.1,0.020000000000000004,-0.37,0.5,0.13,-0.3,0.43,0.13
2,1,AB-BA,0,33,33,0.0,0.41,0.41,0.54,0.0,0.54,0.54,0.0,0.54
2,1,AB-BY,0,0,0,0.0,0.0,0.0,0.0,0.0,0.0,0.0,0.0,0.0
2,1,AB-X0,5,6,1,0.06,0.07,0.010000000000000009,-0.31999999999999995,0.42,0.1,-0.26,0.36,0.1
2,1,AB-XA,1,14,13,0.01,0.17,0.16,0.15000000000000002,0.08,0.23,0.16,0.07,0.23
2,1,AB-XB,0,0,0,0.0,0.0,0.0,0.0,0.0,0.0,0.0,0.0,0.0
2,1,AB-XY,0,0,0,0.0,0.0,0.0,0.0,0.0,0.0,0.0,0.0,0.0
2,2,A0-AY,0,0,0,0.0,0.0,0.0,0.0,0.0,0.0,0.0,0.0,0.0
2,2,A0-X0,52,4,-48,0.63,0.05,-0.58,-0.56,0.76,0.2,-0.56,0.76,0.2
2,2,A0-XA,16,16,0,0.2,0.19,-0.010000000000000009,0.56,0.24,0.8,0.56,0.24,0.8
2,2,A0-XY,0,0,0,0.0,0.0,0.0,0.0,0.0,0.0,0.0,0.0,0.0
2,2,AB-A0,0,0,0,0.0,0.0,0.0,0.0,0.0,0.0,0.0,0.0,0.0
2,2,AB-AY,0,0,0,0.0,0.0,0.0,0.0,0.0,0.0,0.0,0.0,0.0
2,2,AB-B0,11,12,1,0.13,0.14,0.010000000000000009,-0.6000000000000001,0.79,0.19,-0.6000000000000001,0.79,0.19
2,2,AB-BA,0,32,32,0.0,0.39,0.39,0.51,0.0,0.51,0.51,0.0,0.51
2,2,AB-BY,0,0,0,0.0,0.0,0.0,0.0,0.0,0.0,0.0,0.0,0.0
2,2,AB-X0,3,8,5,0.04,0.1,0.060000000000000005,-0.07999999999999999,0.21,0.13,-0.07999999999999999,0.21,0.13
2,2,AB-XA,0,11,11,0.0,0.13,0.13,0.17,0.0,0.17,0.17,0.0,0.17
2,2,AB-XB,0,0,0,0.0,0.0,0.0,0.0,0.0,0.0,0.0,0.0,0.0
2,2,AB-XY,0,0,0,0.0,0.0,0.0,0.0,0.0,0.0,0.0,0.0,0.0
2,3,A0-AY,0,0,0,0.0,0.0,0.0,0.0,0.0,0.0,0.0,0.0,0.0
2,3,A0-X0,62,18,-44,0.75,0.22,-0.53,-0.26,0.86,0.6,-0.26,0.86,0.6
2,3,A0-XA,10,12,2,0.12,0.14,0.020000000000000018,0.26,0.14,0.4,0.26,0.14,0.4
2,3,A0-XY,0,0,0,0.0,0.0,0.0,0.0,0.0,0.0,0.0,0.0,0.0
2,3,AB-A0,2,0,-2,0.02,0.0,-0.02,0.0,0.0,0.0,-0.18,0.18,0.0
2,3,AB-AY,0,0,0,0.0,0.0,0.0,0.0,0.0,0.0,0.0,0.0,0.0
2,3,AB-B0,6,7,1,0.07,0.08,0.009999999999999995,-0.54,0.67,0.13,-0.42000000000000004,0.55,0.13
2,3,AB-BA,0,26,26,0.0,0.31,0.31,0.49,0.0,0.49,0.49,0.0,0.49
2,3,AB-BY,0,0,0,0.0,0.0,0.0,0.0,0.0,0.0,0.0,0.0,0.0
2,3,AB-X0,3,8,5,0.04,0.1,0.060000000000000005,-0.18000000000000002,0.33,0.15,-0.12000000000000002,0.27,0.15
2,3,AB-XA,0,12,12,0.0,0.14,0.14,0.23,0.0,0.23,0.23,0.0,0.23
2,3,AB-XB,0,0,0,0.0,0.0,0.0,0.0,0.0,0.0,0.0,0.0,0.0
2,3,AB-XY,0,0,0,0.0,0.0,0.0,0.0,0.0,0.0,0.0,0.0,0.0
3,1,A0-AY,0,0,0,0.0,0.0,0.0,0.0,0.0,0.0,0.0,0.0,0.0
3,1,A0-X0,78,3,-75,0.95,0.03,-0.9199999999999999,-0.82,0.97,0.15,-0.82,0.97,0.15
3,1,A0-XA,2,17,15,0.02,0.19,0.17,0.82,0.03,0.85,0.82,0.03,0.85
3,1,A0-XY,0,0,0,0.0,0.0,0.0,0.0,0.0,0.0,0.0,0.0,0.0
3,1,AB-A0,0,0,0,0.0,0.0,0.0,0.0,0.0,0.0,0.0,0.0,0.0
3,1,AB-AY,0,0,0,0.0,0.0,0.0,0.0,0.0,0.0,0.0,0.0,0.0
3,1,AB-B0,2,12,10,0.02,0.14,0.12000000000000001,-0.8200000000000001,1.0,0.18,-0.8200000000000001,1.0,0.18
3,1,AB-BA,0,42,42,0.0,0.48,0.48,0.62,0.0,0.62,0.62,0.0,0.62
3,1,AB-BY,0,0,0,0.0,0.0,0.0,0.0,0.0,0.0,0.0,0.0,0.0
3,1,AB-X0,0,2,2,0.0,0.02,0.02,0.03,0.0,0.03,0.03,0.0,0.03
3,1,AB-XA,0,12,12,0.0,0.14,0.14,0.18,0.0,0.18,0.18,0.0,0.18
3,1,AB-XB,0,0,0,0.0,0.0,0.0,0.0,0.0,0.0,0.0,0.0,0.0
3,1,AB-XY,0,0,0,0.0,0.0,0.0,0.0,0.0,0.0,0.0,0.0,0.0
3,2,A0-AY,0,0,0,0.0,0.0,0.0,0.0,0.0,0.0,0.0,0.0,0.0
3,2,A0-X0,78,2,-76,0.93,0.02,-0.91,-0.8999999999999999,0.96,0.06,-0.8999999999999999,0.96,0.06
3,2,A0-XA,3,30,27,0.04,0.34,0.30000000000000004,0.8999999999999999,0.04,0.94,0.8999999999999999,0.04,0.94
3,2,A0-XY,0,0,0,0.0,0.0,0.0,0.0,0.0,0.0,0.0,0.0,0.0
3,2,AB-A0,0,0,0,0.0,0.0,0.0,0.0,0.0,0.0,0.0,0.0,0.0
3,2,AB-AY,0,0,0,0.0,0.0,0.0,0.0,0.0,0.0,0.0,0.0,0.0
3,2,AB-B0,1,22,21,0.01,0.25,0.24,0.06,0.33,0.39,0.06,0.33,0.39
3,2,AB-BA,0,20,20,0.0,0.22,0.22,0.35,0.0,0.35,0.35,0.0,0.35
3,2,AB-BY,0,0,0,0.0,0.0,0.0,0.0,0.0,0.0,0.0,0.0,0.0
3,2,AB-X0,2,6,4,0.02,0.07,0.05,-0.56,0.67,0.11,-0.56,0.67,0.11
3,2,AB-XA,0,9,9,0.0,0.1,0.1,0.16,0.0,0.16,0.16,0.0,0.16
3,2,AB-XB,0,0,0,0.0,0.0,0.0,0.0,0.0,0.0,0.0,0.0,0.0
3,2,AB-XY,0,0,0,0.0,0.0,0.0,0.0,0.0,0.0,0.0,0.0,0.0
3,3,A0-AY,0,0,0,0.0,0.0,0.0,0.0,0.0,0.0,0.0,0.0,0.0
3,3,A0-X0,72,4,-68,0.86,0.04,-0.82,-0.67,0.92,0.25,-0.67,0.92,0.25
3,3,A0-XA,6,12,6,0.07,0.13,0.06,0.67,0.08,0.75,0.67,0.08,0.75
3,3,A0-XY,0,0,0,0.0,0.0,0.0,0.0,0.0,0.0,0.0,0.0,0.0
3,3,AB-A0,0,0,0,0.0,0.0,0.0,0.0,0.0,0.0,0.0,0.0,0.0
3,3,AB-AY,0,0,0,0.0,0.0,0.0,0.0,0.0,0.0,0.0,0.0,0.0
3,3,AB-B0,2,16,14,0.02,0.18,0.16,-0.11000000000000001,0.33,0.22,-0.11000000000000001,0.33,0.22
3,3,AB-BA,0,46,46,0.0,0.51,0.51,0.62,0.0,0.62,0.62,0.0,0.62
3,3,AB-BY,0,0,0,0.0,0.0,0.0,0.0,0.0,0.0,0.0,0.0,0.0
3,3,AB-X0,4,1,-3,0.05,0.01,-0.04,-0.66,0.67,0.01,-0.66,0.67,0.01
3,3,AB-XA,0,11,11,0.0,0.12,0.12,0.15,0.0,0.15,0.15,0.0,0.15
3,3,AB-XB,0,0,0,0.0,0.0,0.0,0.0,0.0,0.0,0.0,0.0,0.0
3,3,AB-XY,0,0,0,0.0,0.0,0.0,0.0,0.0,0.0,0.0,0.0,0.0
4,1,A0-AY,0,0,0,0.0,0.0,0.0,0.0,0.0,0.0,0.0,0.0,0.0
4,1,A0-X0,26,9,-17,0.43,0.14,-0.29,-0.15999999999999998,0.59,0.43,-0.15999999999999998,0.59,0.43
4,1,A0-XA,18,12,-6,0.3,0.18,-0.12,0.15999999999999998,0.41,0.57,0.15999999999999998,0.41,0.57
4,1,A0-XY,0,0,0,0.0,0.0,0.0,0.0,0.0,0.0,0.0,0.0,0.0
4,1,AB-A0,0,0,0,0.0,0.0,0.0,0.0,0.0,0.0,0.0,0.0,0.0
4,1,AB-AY,0,0,0,0.0,0.0,0.0,0.0,0.0,0.0,0.0,0.0,0.0
4,1,AB-B0,16,6,-10,0.26,0.09,-0.17,-0.8099999999999999,0.94,0.13,-0.8099999999999999,0.94,0.13
4,1,AB-BA,0,28,28,0.0,0.42,0.42,0.62,0.0,0.62,0.62,0.0,0.62
4,1,AB-BY,0,0,0,0.0,0.0,0.0,0.0,0.0,0.0,0.0,0.0,0.0
4,1,AB-X0,1,2,1,0.02,0.03,0.009999999999999998,-0.019999999999999997,0.06,0.04,-0.019999999999999997,0.06,0.04
4,1,AB-XA,0,9,9,0.0,0.14,0.14,0.2,0.0,0.2,0.2,0.0,0.2
4,1,AB-XB,0,0,0,0.0,0.0,0.0,0.0,0.0,0.0,0.0,0.0,0.0
4,1,AB-XY,0,0,0,0.0,0.0,0.0,0.0,0.0,0.0,0.0,0.0,0.0
4,2,A0-AY,0,0,0,0.0,0.0,0.0,0.0,0.0,0.0,0.0,0.0,0.0
4,2,A0-X0,38,2,-36,0.61,0.03,-0.58,-0.71,0.78,0.07,-0.71,0.78,0.07
4,2,A0-XA,11,26,15,0.18,0.38,0.2,0.7100000000000001,0.22,0.93,0.7100000000000001,0.22,0.93
4,2,A0-XY,0,0,0,0.0,0.0,0.0,0.0,0.0,0.0,0.0,0.0,0.0
4,2,AB-A0,0,1,1,0.0,0.01,0.01,0.0,0.0,0.0,0.03,0.0,0.03
4,2,AB-AY,0,0,0,0.0,0.0,0.0,0.0,0.0,0.0,0.0,0.0,0.0
4,2,AB-B0,7,14,7,0.11,0.21,0.09999999999999999,-0.18000000000000005,0.54,0.36,-0.19000000000000006,0.54,0.35
4,2,AB-BA,0,10,10,0.0,0.15,0.15,0.26,0.0,0.26,0.25,0.0,0.25
4,2,AB-BY,0,0,0,0.0,0.0,0.0,0.0,0.0,0.0,0.0,0.0,0.0
4,2,AB-X0,5,3,-2,0.08,0.04,-0.04,-0.3,0.38,0.08,-0.31,0.38,0.07
4,2,AB-XA,1,12,11,0.02,0.18,0.16,0.22999999999999998,0.08,0.31,0.21999999999999997,0.08,0.3
4,2,AB-XB,0,0,0,0.0,0.0,0.0,0.0,0.0,0.0,0.0,0.0,0.0
4,2,AB-XY,0,0,0,0.0,0.0,0.0,0.0,0.0,0.0,0.0,0.0,0.0
4,3,A0-AY,0,0,0,0.0,0.0,0.0,0.0,0.0,0.0,0.0,0.0,0.0
4,3,A0-X0,34,25,-9,0.55,0.37,-0.18000000000000005,-0.020000000000000018,0.71,0.69,-0.020000000000000018,0.71,0.69
4,3,A0-XA,14,11,-3,0.23,0.16,-0.07,0.020000000000000018,0.29,0.31,0.020000000000000018,0.29,0.31
4,3,A0-XY,0,0,0,0.0,0.0,0.0,0.0,0.0,0.0,0.0,0.0,0.0
4,3,AB-A0,1,0,-1,0.02,0.0,-0.02,0.0,0.0,0.0,-0.07,0.07,0.0
4,3,AB-AY,0,0,0,0.0,0.0,0.0,0.0,0.0,0.0,0.0,0.0,0.0
4,3,AB-B0,10,9,-1,0.16,0.13,-0.03,-0.49,0.77,0.28,-0.42999999999999994,0.71,0.28
4,3,AB-BA,0,14,14,0.0,0.21,0.21,0.44,0.0,0.44,0.44,0.0,0.44
4,3,AB-BY,0,0,0,0.0,0.0,0.0,0.0,0.0,0.0,0.0,0.0,0.0
4,3,AB-X0,3,1,-2,0.05,0.01,-0.04,-0.2,0.23,0.03,-0.18,0.21,0.03
4,3,AB-XA,0,8,8,0.0,0.12,0.12,0.25,0.0,0.25,0.25,0.0,0.25
4,3,AB-XB,0,0,0,0.0,0.0,0.0,0.0,0.0,0.0,0.0,0.0,0.0
4,3,AB-XY,0,0,0,0.0,0.0,0.0,0.0,0.0,0.0,0.0,0.0,0.0
5,1,A0-AY,0,0,0,0.0,0.0,0.0,0.0,0.0,0.0,0.0,0.0,0.0
5,1,A0-X0,66,16,-50,0.87,0.21,-0.66,-0.4,0.93,0.53,-0.4,0.93,0.53
5,1,A0-XA,5,14,9,0.07,0.18,0.10999999999999999,0.39999999999999997,0.07,0.47,0.39999999999999997,0.07,0.47
5,1,A0-XY,0,0,0,0.0,0.0,0.0,0.0,0.0,0.0,0.0,0.0,0.0
5,1,AB-A0,0,0,0,0.0,0.0,0.0,0.0,0.0,0.0,0.0,0.0,0.0
5,1,AB-AY,0,0,0,0.0,0.0,0.0,0.0,0.0,0.0,0.0,0.0,0.0
5,1,AB-B0,1,2,1,0.01,0.03,0.019999999999999997,-0.16,0.2,0.04,-0.16,0.2,0.04
5,1,AB-BA,0,22,22,0.0,0.29,0.29,0.48,0.0,0.48,0.48,0.0,0.48
5,1,AB-BY,0,0,0,0.0,0.0,0.0,0.0,0.0,0.0,0.0,0.0,0.0
5,1,AB-X0,4,14,10,0.05,0.18,0.13,-0.5,0.8,0.3,-0.5,0.8,0.3
5,1,AB-XA,0,8,8,0.0,0.11,0.11,0.17,0.0,0.17,0.17,0.0,0.17
5,1,AB-XB,0,0,0,0.0,0.0,0.0,0.0,0.0,0.0,0.0,0.0,0.0
5,1,AB-XY,0,0,0,0.0,0.0,0.0,0.0,0.0,0.0,0.0,0.0,0.0
5,2,A0-AY,0,0,0,0.0,0.0,0.0,0.0,0.0,0.0,0.0,0.0,0.0
5,2,A0-X0,67,4,-63,0.87,0.05,-0.82,-0.78,0.93,0.15,-0.78,0.93,0.15
5,2,A0-XA,5,23,18,0.06,0.3,0.24,0.78,0.07,0.85,0.78,0.07,0.85
5,2,A0-XY,0,0,0,0.0,0.0,0.0,0.0,0.0,0.0,0.0,0.0,0.0
5,2,AB-A0,0,0,0,0.0,0.0,0.0,0.0,0.0,0.0,0.0,0.0,0.0
5,2,AB-AY,0,0,0,0.0,0.0,0.0,0.0,0.0,0.0,0.0,0.0,0.0
5,2,AB-B0,1,18,17,0.01,0.23,0.22,0.15999999999999998,0.2,0.36,0.15999999999999998,0.2,0.36
5,2,AB-BA,0,18,18,0.0,0.23,0.23,0.36,0.0,0.36,0.36,0.0,0.36
5,2,AB-BY,0,0,0,0.0,0.0,0.0,0.0,0.0,0.0,0.0,0.0,0.0
5,2,AB-X0,4,4,0,0.05,0.05,0.0,-0.7200000000000001,0.8,0.08,-0.7200000000000001,0.8,0.08
5,2,AB-XA,0,10,10,0.0,0.13,0.13,0.2,0.0,0.2,0.2,0.0,0.2
5,2,AB-XB,0,0,0,0.0,0.0,0.0,0.0,0.0,0.0,0.0,0.0,0.0
5,2,AB-XY,0,0,0,0.0,0.0,0.0,0.0,0.0,0.0,0.0,0.0,0.0
5,3,A0-AY,0,0,0,0.0,0.0,0.0,0.0,0.0,0.0,0.0,0.0,0.0
5,3,A0-X0,66,13,-53,0.85,0.17,-0.6799999999999999,-0.51,0.92,0.41,-0.51,0.92,0.41
5,3,A0-XA,6,19,13,0.08,0.25,0.16999999999999998,0.51,0.08,0.59,0.51,0.08,0.59
5,3,A0-XY,0,0,0,0.0,0.0,0.0,0.0,0.0,0.0,0.0,0.0,0.0
5,3,AB-A0,0,0,0,0.0,0.0,0.0,0.0,0.0,0.0,0.0,0.0,0.0
5,3,AB-AY,0,0,0,0.0,0.0,0.0,0.0,0.0,0.0,0.0,0.0,0.0
5,3,AB-B0,3,13,10,0.04,0.17,0.13,-0.21000000000000002,0.5,0.29,-0.21000000000000002,0.5,0.29
5,3,AB-BA,0,21,21,0.0,0.27,0.27,0.47,0.0,0.47,0.47,0.0,0.47
5,3,AB-BY,0,0,0,0.0,0.0,0.0,0.0,0.0,0.0,0.0,0.0,0.0
5,3,AB-X0,3,6,3,0.04,0.08,0.04,-0.37,0.5,0.13,-0.37,0.5,0.13
5,3,AB-XA,0,5,5,0.0,0.06,0.06,0.11,0.0,0.11,0.11,0.0,0.11
5,3,AB-XB,0,0,0,0.0,0.0,0.0,0.0,0.0,0.0,0.0,0.0,0.0
5,3,AB-XY,0,0,0,0.0,0.0,0.0,0.0,0.0,0.0,0.0,0.0,0.0
6,1,A0-AY,0,0,0,0.0,0.0,0.0,0.0,0.0,0.0,0.0,0.0,0.0
6,1,A0-X0,48,13,-35,0.69,0.18,-0.51,-0.47000000000000003,0.81,0.34,-0.47000000000000003,0.81,0.34
6,1,A0-XA,11,25,14,0.16,0.35,0.18999999999999997,0.47000000000000003,0.19,0.66,0.47000000000000003,0.19,0.66
6,1,A0-XY,0,0,0,0.0,0.0,0.0,0.0,0.0,0.0,0.0,0.0,0.0
6,1,AB-A0,0,0,0,0.0,0.0,0.0,0.0,0.0,0.0,0.0,0.0,0.0
6,1,AB-AY,0,0,0,0.0,0.0,0.0,0.0,0.0,0.0,0.0,0.0,0.0
6,1,AB-B0,9,15,6,0.13,0.21,0.07999999999999999,-0.36999999999999994,0.82,0.45,-0.36999999999999994,0.82,0.45
6,1,AB-BA,0,9,9,0.0,0.13,0.13,0.27,0.0,0.27,0.27,0.0,0.27
6,1,AB-BY,0,0,0,0.0,0.0,0.0,0.0,0.0,0.0,0.0,0.0,0.0
6,1,AB-X0,2,5,3,0.03,0.07,0.04000000000000001,-0.03,0.18,0.15,-0.03,0.18,0.15
6,1,AB-XA,0,4,4,0.0,0.06,0.06,0.12,0.0,0.12,0.12,0.0,0.12
6,1,AB-XB,0,0,0,0.0,0.0,0.0,0.0,0.0,0.0,0.0,0.0,0.0
6,1,AB-XY,0,0,0,0.0,0.0,0.0,0.0,0.0,0.0,0.0,0.0,0.0
6,2,A0-AY,0,0,0,0.0,0.0,0.0,0.0,0.0,0.0,0.0,0.0,0.0
6,2,A0-X0,52,9,-43,0.73,0.12,-0.61,-0.5,0.85,0.35,-0.5,0.85,0.35
6,2,A0-XA,9,17,8,0.13,0.23,0.1,0.5,0.15,0.65,0.5,0.15,0.65
6,2,A0-XY,0,0,0,0.0,0.0,0.0,0.0,0.0,0.0,0.0,0.0,0.0
6,2,AB-A0,0,0,0,0.0,0.0,0.0,0.0,0.0,0.0,0.0,0.0,0.0
6,2,AB-AY,0,0,0,0.0,0.0,0.0,0.0,0.0,0.0,0.0,0.0,0.0
6,2,AB-B0,7,5,-2,0.1,0.07,-0.03,-0.59,0.7,0.11,-0.59,0.7,0.11
6,2,AB-BA,0,19,19,0.0,0.26,0.26,0.4,0.0,0.4,0.4,0.0,0.4
6,2,AB-BY,0,0,0,0.0,0.0,0.0,0.0,0.0,0.0,0.0,0.0,0.0
6,2,AB-X0,2,7,5,0.03,0.1,0.07,-0.05000000000000002,0.2,0.15,-0.05000000000000002,0.2,0.15
6,2,AB-XA,1,16,15,0.01,0.22,0.21,0.24000000000000002,0.1,0.34,0.24000000000000002,0.1,0.34
6,2,AB-XB,0,0,0,0.0,0.0,0.0,0.0,0.0,0.0,0.0,0.0,0.0
6,2,AB-XY,0,0,0,0.0,0.0,0.0,0.0,0.0,0.0,0.0,0.0,0.0
6,3,A0-AY,0,0,0,0.0,0.0,0.0,0.0,0.0,0.0,0.0,0.0,0.0
6,3,A0-X0,45,12,-33,0.63,0.16,-0.47,-0.28,0.78,0.5,-0.28,0.78,0.5
6,3,A0-XA,13,12,-1,0.18,0.16,-0.01999999999999999,0.28,0.22,0.5,0.28,0.22,0.5
6,3,A0-XY,0,0,0,0.0,0.0,0.0,0.0,0.0,0.0,0.0,0.0,0.0
6,3,AB-A0,0,0,0,0.0,0.0,0.0,0.0,0.0,0.0,0.0,0.0,0.0
6,3,AB-AY,0,0,0,0.0,0.0,0.0,0.0,0.0,0.0,0.0,0.0,0.0
6,3,AB-B0,8,7,-1,0.11,0.1,-0.009999999999999995,-0.48,0.62,0.14,-0.48,0.62,0.14
6,3,AB-BA,0,23,23,0.0,0.32,0.32,0.47,0.0,0.47,0.47,0.0,0.47
6,3,AB-BY,0,0,0,0.0,0.0,0.0,0.0,0.0,0.0,0.0,0.0,0.0
6,3,AB-X0,5,3,-2,0.07,0.04,-0.030000000000000006,-0.32,0.38,0.06,-0.32,0.38,0.06
6,3,AB-XA,0,16,16,0.0,0.22,0.22,0.33,0.0,0.33,0.33,0.0,0.33
6,3,AB-XB,0,0,0,0.0,0.0,0.0,0.0,0.0,0.0,0.0,0.0,0.0
6,3,AB-XY,0,0,0,0.0,0.0,0.0,0.0,0.0,0.0,0.0,0.0,0.0
7,1,A0-AY,0,0,0,0.0,0.0,0.0,0.0,0.0,0.0,0.0,0.0,0.0
7,1,A0-X0,44,24,-20,0.5,0.26,-0.24,-0.08000000000000007,0.67,0.59,-0.08000000000000007,0.67,0.59
7,1,A0-XA,22,17,-5,0.25,0.18,-0.07,0.07999999999999996,0.33,0.41,0.07999999999999996,0.33,0.41
7,1,A0-XY,0,0,0,0.0,0.0,0.0,0.0,0.0,0.0,0.0,0.0,0.0
7,1,AB-A0,1,0,-1,0.01,0.0,-0.01,0.0,0.0,0.0,-0.05,0.05,0.0
7,1,AB-AY,0,0,0,0.0,0.0,0.0,0.0,0.0,0.0,0.0,0.0,0.0
7,1,AB-B0,17,10,-7,0.19,0.11,-0.08,-0.6200000000000001,0.81,0.19,-0.5800000000000001,0.77,0.19
7,1,AB-BA,0,21,21,0.0,0.23,0.23,0.4,0.0,0.4,0.4,0.0,0.4
7,1,AB-BY,0,0,0,0.0,0.0,0.0,0.0,0.0,0.0,0.0,0.0,0.0
7,1,AB-X0,4,4,0,0.05,0.04,-0.010000000000000002,-0.11,0.19,0.08,-0.09999999999999999,0.18,0.08
7,1,AB-XA,0,17,17,0.0,0.18,0.18,0.33,0.0,0.33,0.33,0.0,0.33
7,1,AB-XB,0,0,0,0.0,0.0,0.0,0.0,0.0,0.0,0.0,0.0,0.0
7,1,AB-XY,0,0,0,0.0,0.0,0.0,0.0,0.0,0.0,0.0,0.0,0.0
7,2,A0-AY,0,0,0,0.0,0.0,0.0,0.0,0.0,0.0,0.0,0.0,0.0
7,2,A0-X0,66,18,-48,0.73,0.19,-0.54,-0.42,0.85,0.43,-0.42,0.85,0.43
7,2,A0-XA,12,24,12,0.13,0.26,0.13,0.41999999999999993,0.15,0.57,0.41999999999999993,0.15,0.57
7,2,A0-XY,0,0,0,0.0,0.0,0.0,0.0,0.0,0.0,0.0,0.0,0.0
7,2,AB-A0,0,0,0,0.0,0.0,0.0,0.0,0.0,0.0,0.0,0.0,0.0
7,2,AB-AY,0,0,0,0.0,0.0,0.0,0.0,0.0,0.0,0.0,0.0,0.0
7,2,AB-B0,7,17,10,0.08,0.18,0.09999999999999999,-0.21000000000000002,0.54,0.33,-0.21000000000000002,0.54,0.33
7,2,AB-BA,0,12,12,0.0,0.13,0.13,0.23,0.0,0.23,0.23,0.0,0.23
7,2,AB-BY,0,0,0,0.0,0.0,0.0,0.0,0.0,0.0,0.0,0.0,0.0
7,2,AB-X0,5,13,8,0.05,0.14,0.09000000000000001,-0.13,0.38,0.25,-0.13,0.38,0.25
7,2,AB-XA,1,10,9,0.01,0.11,0.1,0.11,0.08,0.19,0.11,0.08,0.19
7,2,AB-XB,0,0,0,0.0,0.0,0.0,0.0,0.0,0.0,0.0,0.0,0.0
7,2,AB-XY,0,0,0,0.0,0.0,0.0,0.0,0.0,0.0,0.0,0.0,0.0
7,3,A0-AY,0,0,0,0.0,0.0,0.0,0.0,0.0,0.0,0.0,0.0,0.0
7,3,A0-X0,57,18,-39,0.63,0.19,-0.44,-0.35000000000000003,0.77,0.42,-0.35000000000000003,0.77,0.42
7,3,A0-XA,17,25,8,0.19,0.27,0.08000000000000002,0.35,0.23,0.58,0.35,0.23,0.58
7,3,A0-XY,0,0,0,0.0,0.0,0.0,0.0,0.0,0.0,0.0,0.0,0.0
7,3,AB-A0,0,0,0,0.0,0.0,0.0,0.0,0.0,0.0,0.0,0.0,0.0
7,3,AB-AY,0,0,0,0.0,0.0,0.0,0.0,0.0,0.0,0.0,0.0,0.0
7,3,AB-B0,12,14,2,0.13,0.15,0.01999999999999999,-0.43999999999999995,0.71,0.27,-0.43999999999999995,0.71,0.27
7,3,AB-BA,0,22,22,0.0,0.23,0.23,0.43,0.0,0.43,0.43,0.0,0.43
7,3,AB-BY,0,0,0,0.0,0.0,0.0,0.0,0.0,0.0,0.0,0.0,0.0
7,3,AB-X0,5,9,4,0.05,0.1,0.05,-0.10999999999999999,0.29,0.18,-0.10999999999999999,0.29,0.18
7,3,AB-XA,0,6,6,0.0,0.06,0.06,0.12,0.0,0.12,0.12,0.0,0.12
7,3,AB-XB,0,0,0,0.0,0.0,0.0,0.0,0.0,0.0,0.0,0.0,0.0
7,3,AB-XY,0,0,0,0.0,0.0,0.0,0.0,0.0,0.0,0.0,0.0,0.0
8,1,A0-AY,0,0,0,0.0,0.0,0.0,0.0,0.0,0.0,0.0,0.0,0.0
8,1,A0-X0,63,7,-56,0.61,0.07,-0.54,-0.44,0.76,0.32,-0.44,0.76,0.32
8,1,A0-XA,20,15,-5,0.19,0.15,-0.04000000000000001,0.44000000000000006,0.24,0.68,0.44000000000000006,0.24,0.68
8,1,A0-XY,0,0,0,0.0,0.0,0.0,0.0,0.0,0.0,0.0,0.0,0.0
8,1,AB-A0,0,0,0,0.0,0.0,0.0,0.0,0.0,0.0,0.0,0.0,0.0
8,1,AB-AY,0,0,0,0.0,0.0,0.0,0.0,0.0,0.0,0.0,0.0,0.0
8,1,AB-B0,19,10,-9,0.18,0.1,-0.07999999999999999,-0.78,0.9,0.12,-0.78,0.9,0.12
8,1,AB-BA,0,25,25,0.0,0.24,0.24,0.31,0.0,0.31,0.31,0.0,0.31
8,1,AB-BY,0,0,0,0.0,0.0,0.0,0.0,0.0,0.0,0.0,0.0,0.0
8,1,AB-X0,1,12,11,0.01,0.12,0.11,0.09999999999999999,0.05,0.15,0.09999999999999999,0.05,0.15
8,1,AB-XA,1,34,33,0.01,0.33,0.32,0.37,0.05,0.42,0.37,0.05,0.42
8,1,AB-XB,0,0,0,0.0,0.0,0.0,0.0,0.0,0.0,0.0,0.0,0.0
8,1,AB-XY,0,0,0,0.0,0.0,0.0,0.0,0.0,0.0,0.0,0.0,0.0
8,2,A0-AY,0,0,0,0.0,0.0,0.0,0.0,0.0,0.0,0.0,0.0,0.0
8,2,A0-X0,59,4,-55,0.56,0.04,-0.52,-0.61,0.72,0.11,-0.61,0.72,0.11
8,2,A0-XA,23,32,9,0.22,0.31,0.09,0.61,0.28,0.89,0.61,0.28,0.89
8,2,A0-XY,0,0,0,0.0,0.0,0.0,0.0,0.0,0.0,0.0,0.0,0.0
8,2,AB-A0,0,0,0,0.0,0.0,0.0,0.0,0.0,0.0,0.0,0.0,0.0
8,2,AB-AY,0,0,0,0.0,0.0,0.0,0.0,0.0,0.0,0.0,0.0,0.0
8,2,AB-B0,17,25,8,0.16,0.24,0.07999999999999999,-0.37,0.74,0.37,-0.37,0.74,0.37
8,2,AB-BA,0,15,15,0.0,0.14,0.14,0.22,0.0,0.22,0.22,0.0,0.22
8,2,AB-BY,0,0,0,0.0,0.0,0.0,0.0,0.0,0.0,0.0,0.0,0.0
8,2,AB-X0,6,6,0,0.06,0.06,0.0,-0.17,0.26,0.09,-0.17,0.26,0.09
8,2,AB-XA,0,22,22,0.0,0.21,0.21,0.32,0.0,0.32,0.32,0.0,0.32
8,2,AB-XB,0,0,0,0.0,0.0,0.0,0.0,0.0,0.0,0.0,0.0,0.0
8,2,AB-XY,0,0,0,0.0,0.0,0.0,0.0,0.0,0.0,0.0,0.0,0.0
8,3,A0-AY,0,0,0,0.0,0.0,0.0,0.0,0.0,0.0,0.0,0.0,0.0
8,3,A0-X0,53,27,-26,0.5,0.26,-0.24,-0.08000000000000007,0.67,0.59,-0.08000000000000007,0.67,0.59
8,3,A0-XA,26,19,-7,0.25,0.18,-0.07,0.07999999999999996,0.33,0.41,0.07999999999999996,0.33,0.41
8,3,A0-XY,0,0,0,0.0,0.0,0.0,0.0,0.0,0.0,0.0,0.0,0.0
8,3,AB-A0,0,0,0,0.0,0.0,0.0,0.0,0.0,0.0,0.0,0.0,0.0
8,3,AB-AY,0,0,0,0.0,0.0,0.0,0.0,0.0,0.0,0.0,0.0,0.0
8,3,AB-B0,22,12,-10,0.21,0.11,-0.09999999999999999,-0.6499999999999999,0.85,0.2,-0.6499999999999999,0.85,0.2
8,3,AB-BA,0,17,17,0.0,0.16,0.16,0.29,0.0,0.29,0.29,0.0,0.29
8,3,AB-BY,0,0,0,0.0,0.0,0.0,0.0,0.0,0.0,0.0,0.0,0.0
8,3,AB-X0,4,15,11,0.04,0.14,0.1,0.1,0.15,0.25,0.1,0.15,0.25
8,3,AB-XA,0,15,15,0.0,0.14,0.14,0.25,0.0,0.25,0.25,0.0,0.25
8,3,AB-XB,0,0,0,0.0,0.0,0.0,0.0,0.0,0.0,0.0,0.0,0.0
8,3,AB-XY,0,0,0,0.0,0.0,0.0,0.0,0.0,0.0,0.0,0.0,0.0
9,1,A0-AY,0,0,0,0.0,0.0,0.0,0.0,0.0,0.0,0.0,0.0,0.0
9,1,A0-X0,63,10,-53,0.51,0.08,-0.43,-0.44000000000000006,0.68,0.24,-0.44000000000000006,0.68,0.24
9,1,A0-XA,30,31,1,0.24,0.25,0.010000000000000009,0.44,0.32,0.76,0.44,0.32,0.76
9,1,A0-XY,0,0,0,0.0,0.0,0.0,0.0,0.0,0.0,0.0,0.0,0.0
9,1,AB-A0,0,0,0,0.0,0.0,0.0,0.0,0.0,0.0,0.0,0.0,0.0
9,1,AB-AY,0,0,0,0.0,0.0,0.0,0.0,0.0,0.0,0.0,0.0,0.0
9,1,AB-B0,22,17,-5,0.18,0.14,-0.03999999999999998,-0.53,0.73,0.2,-0.53,0.73,0.2
9,1,AB-BA,0,19,19,0.0,0.15,0.15,0.23,0.0,0.23,0.23,0.0,0.23
9,1,AB-BY,0,0,0,0.0,0.0,0.0,0.0,0.0,0.0,0.0,0.0,0.0
9,1,AB-X0,8,11,3,0.07,0.09,0.01999999999999999,-0.14,0.27,0.13,-0.14,0.27,0.13
9,1,AB-XA,0,37,37,0.0,0.3,0.3,0.44,0.0,0.44,0.44,0.0,0.44
9,1,AB-XB,0,0,0,0.0,0.0,0.0,0.0,0.0,0.0,0.0,0.0,0.0
9,1,AB-XY,0,0,0,0.0,0.0,0.0,0.0,0.0,0.0,0.0,0.0,0.0
9,2,A0-AY,0,0,0,0.0,0.0,0.0,0.0,0.0,0.0,0.0,0.0,0.0
9,2,A0-X0,86,5,-81,0.69,0.04,-0.6499999999999999,-0.6599999999999999,0.82,0.16,-0.6599999999999999,0.82,0.16
9,2,A0-XA,19,26,7,0.15,0.2,0.05000000000000002,0.6599999999999999,0.18,0.84,0.6599999999999999,0.18,0.84
9,2,A0-XY,0,0,0,0.0,0.0,0.0,0.0,0.0,0.0,0.0,0.0,0.0
9,2,AB-A0,1,0,-1,0.01,0.0,-0.01,0.0,0.0,0.0,-0.05,0.05,0.0
9,2,AB-AY,0,0,0,0.0,0.0,0.0,0.0,0.0,0.0,0.0,0.0,0.0
9,2,AB-B0,8,16,8,0.06,0.13,0.07,-0.27,0.44,0.17,-0.24999999999999997,0.42,0.17
9,2,AB-BA,0,27,27,0.0,0.21,0.21,0.28,0.0,0.28,0.28,0.0,0.28
9,2,AB-BY,0,0,0,0.0,0.0,0.0,0.0,0.0,0.0,0.0,0.0,0.0
9,2,AB-X0,9,7,-2,0.07,0.06,-0.010000000000000009,-0.43,0.5,0.07,-0.39999999999999997,0.47,0.07
9,2,AB-XA,1,46,45,0.01,0.36,0.35,0.42,0.06,0.48,0.43,0.05,0.48
9,2,AB-XB,0,0,0,0.0,0.0,0.0,0.0,0.0,0.0,0.0,0.0,0.0
9,2,AB-XY,0,0,0,0.0,0.0,0.0,0.0,0.0,0.0,0.0,0.0,0.0
9,3,A0-AY,0,0,0,0.0,0.0,0.0,0.0,0.0,0.0,0.0,0.0,0.0
9,3,A0-X0,68,19,-49,0.54,0.15,-0.39,-0.37999999999999995,0.71,0.33,-0.37999999999999995,0.71,0.33
9,3,A0-XA,28,39,11,0.22,0.31,0.09,0.38000000000000006,0.29,0.67,0.38000000000000006,0.29,0.67
9,3,A0-XY,0,0,0,0.0,0.0,0.0,0.0,0.0,0.0,0.0,0.0,0.0
9,3,AB-A0,4,0,-4,0.03,0.0,-0.03,0.0,0.0,0.0,-0.14,0.14,0.0
9,3,AB-AY,0,0,0,0.0,0.0,0.0,0.0,0.0,0.0,0.0,0.0,0.0
9,3,AB-B0,18,29,11,0.14,0.23,0.09,-0.3,0.72,0.42,-0.2,0.62,0.42
9,3,AB-BA,0,17,17,0.0,0.13,0.13,0.25,0.0,0.25,0.25,0.0,0.25
9,3,AB-BY,0,0,0,0.0,0.0,0.0,0.0,0.0,0.0,0.0,0.0,0.0
9,3,AB-X0,6,9,3,0.05,0.07,0.020000000000000004,-0.10999999999999999,0.24,0.13,-0.07999999999999999,0.21,0.13
9,3,AB-XA,1,14,13,0.01,0.11,0.1,0.16,0.04,0.2,0.17,0.03,0.2
9,3,AB-XB,0,0,0,0.0,0.0,0.0,0.0,0.0,0.0,0.0,0.0,0.0
9,3,AB-XY,0,0,0,0.0,0.0,0.0,0.0,0.0,0.0,0.0,0.0,0.0
10,1,A0-AY,0,0,0,0.0,0.0,0.0,0.0,0.0,0.0,0.0,0.0,0.0
10,1,A0-X0,53,12,-41,0.52,0.12,-0.4,-0.05999999999999994,0.69,0.63,-0.05999999999999994,0.69,0.63
10,1,A0-XA,24,7,-17,0.24,0.07,-0.16999999999999998,0.06,0.31,0.37,0.06,0.31,0.37
10,1,A0-XY,0,0,0,0.0,0.0,0.0,0.0,0.0,0.0,0.0,0.0,0.0
10,1,AB-A0,0,0,0,0.0,0.0,0.0,0.0,0.0,0.0,0.0,0.0,0.0
10,1,AB-AY,0,0,0,0.0,0.0,0.0,0.0,0.0,0.0,0.0,0.0,0.0
10,1,AB-B0,20,6,-14,0.2,0.06,-0.14,-0.76,0.83,0.07,-0.76,0.83,0.07
10,1,AB-BA,0,12,12,0.0,0.12,0.12,0.14,0.0,0.14,0.14,0.0,0.14
10,1,AB-BY,0,0,0,0.0,0.0,0.0,0.0,0.0,0.0,0.0,0.0,0.0
10,1,AB-X0,3,19,16,0.03,0.19,0.16,0.11000000000000001,0.12,0.23,0.11000000000000001,0.12,0.23
10,1,AB-XA,1,46,45,0.01,0.45,0.44,0.51,0.04,0.55,0.51,0.04,0.55
10,1,AB-XB,0,0,0,0.0,0.0,0.0,0.0,0.0,0.0,0.0,0.0,0.0
10,1,AB-XY,0,0,0,0.0,0.0,0.0,0.0,0.0,0.0,0.0,0.0,0.0
10,2,A0-AY,0,0,0,0.0,0.0,0.0,0.0,0.0,0.0,0.0,0.0,0.0
10,2,A0-X0,56,3,-53,0.54,0.03,-0.51,-0.37999999999999995,0.71,0.33,-0.37999999999999995,0.71,0.33
10,2,A0-XA,23,6,-17,0.22,0.06,-0.16,0.38000000000000006,0.29,0.67,0.38000000000000006,0.29,0.67
10,2,A0-XY,0,0,0,0.0,0.0,0.0,0.0,0.0,0.0,0.0,0.0,0.0
10,2,AB-A0,0,0,0,0.0,0.0,0.0,0.0,0.0,0.0,0.0,0.0,0.0
10,2,AB-AY,0,0,0,0.0,0.0,0.0,0.0,0.0,0.0,0.0,0.0,0.0
10,2,AB-B0,19,10,-9,0.18,0.1,-0.07999999999999999,-0.68,0.79,0.11,-0.68,0.79,0.11
10,2,AB-BA,0,21,21,0.0,0.2,0.2,0.22,0.0,0.22,0.22,0.0,0.22
10,2,AB-BY,0,0,0,0.0,0.0,0.0,0.0,0.0,0.0,0.0,0.0,0.0
10,2,AB-X0,5,8,3,0.05,0.08,0.03,-0.12,0.21,0.09,-0.12,0.21,0.09
10,2,AB-XA,0,55,55,0.0,0.53,0.53,0.59,0.0,0.59,0.59,0.0,0.59
10,2,AB-XB,0,0,0,0.0,0.0,0.0,0.0,0.0,0.0,0.0,0.0,0.0
10,2,AB-XY,0,0,0,0.0,0.0,0.0,0.0,0.0,0.0,0.0,0.0,0.0
10,3,A0-AY,0,0,0,0.0,0.0,0.0,0.0,0.0,0.0,0.0,0.0,0.0
10,3,A0-X0,59,5,-54,0.57,0.05,-0.5199999999999999,-0.35,0.73,0.38,-0.35,0.73,0.38
10,3,A0-XA,22,8,-14,0.21,0.08,-0.13,0.35,0.27,0.62,0.35,0.27,0.62
10,3,A0-XY,0,0,0,0.0,0.0,0.0,0.0,0.0,0.0,0.0,0.0,0.0
10,3,AB-A0,0,0,0,0.0,0.0,0.0,0.0,0.0,0.0,0.0,0.0,0.0
10,3,AB-AY,0,0,0,0.0,0.0,0.0,0.0,0.0,0.0,0.0,0.0,0.0
10,3,AB-B0,22,5,-17,0.21,0.05,-0.15999999999999998,-0.94,1.0,0.06,-0.94,1.0,0.06
10,3,AB-BA,0,25,25,0.0,0.24,0.24,0.28,0.0,0.28,0.28,0.0,0.28
10,3,AB-BY,0,0,0,0.0,0.0,0.0,0.0,0.0,0.0,0.0,0.0,0.0
10,3,AB-X0,0,15,15,0.0,0.15,0.15,0.17,0.0,0.17,0.17,0.0,0.17
10,3,AB-XA,0,45,45,0.0,0.44,0.44,0.5,0.0,0.5,0.5,0.0,0.5
10,3,AB-XB,0,0,0,0.0,0.0,0.0,0.0,0.0,0.0,0.0,0.0,0.0
10,3,AB-XY,0,0,0,0.0,0.0,0.0,0.0,0.0,0.0,0.0,0.0,0.0
11,1,A0-AY,0,0,0,0.0,0.0,0.0,0.0,0.0,0.0,0.0,0.0,0.0
11,1,A0-X0,60,23,-37,0.66,0.25,-0.41000000000000003,-0.39,0.79,0.4,-0.39,0.79,0.4
11,1,A0-XA,16,34,18,0.18,0.37,0.19,0.39,0.21,0.6,0.39,0.21,0.6
11,1,A0-XY,0,0,0,0.0,0.0,0.0,0.0,0.0,0.0,0.0,0.0,0.0
11,1,AB-A0,0,0,0,0.0,0.0,0.0,0.0,0.0,0.0,0.0,0.0,0.0
11,1,AB-AY,0,0,0,0.0,0.0,0.0,0.0,0.0,0.0,0.0,0.0,0.0
11,1,AB-B0,15,30,15,0.16,0.33,0.17,-0.12,1.0,0.88,-0.12,1.0,0.88
11,1,AB-BA,0,2,2,0.0,0.02,0.02,0.06,0.0,0.06,0.06,0.0,0.06
11,1,AB-BY,0,0,0,0.0,0.0,0.0,0.0,0.0,0.0,0.0,0.0,0.0
11,1,AB-X0,0,1,1,0.0,0.01,0.01,0.03,0.0,0.03,0.03,0.0,0.03
11,1,AB-XA,0,1,1,0.0,0.01,0.01,0.03,0.0,0.03,0.03,0.0,0.03
11,1,AB-XB,0,0,0,0.0,0.0,0.0,0.0,0.0,0.0,0.0,0.0,0.0
11,1,AB-XY,0,0,0,0.0,0.0,0.0,0.0,0.0,0.0,0.0,0.0,0.0
11,2,A0-AY,0,0,0,0.0,0.0,0.0,0.0,0.0,0.0,0.0,0.0,0.0
11,2,A0-X0,74,18,-56,0.8,0.2,-0.6000000000000001,-0.46,0.9,0.44,-0.46,0.9,0.44
11,2,A0-XA,8,23,15,0.09,0.25,0.16,0.4600000000000001,0.1,0.56,0.4600000000000001,0.1,0.56
11,2,A0-XY,0,0,0,0.0,0.0,0.0,0.0,0.0,0.0,0.0,0.0,0.0
11,2,AB-A0,0,0,0,0.0,0.0,0.0,0.0,0.0,0.0,0.0,0.0,0.0
11,2,AB-AY,0,0,0,0.0,0.0,0.0,0.0,0.0,0.0,0.0,0.0,0.0
11,2,AB-B0,8,17,9,0.09,0.18,0.09,-0.47000000000000003,0.8,0.33,-0.47000000000000003,0.8,0.33
11,2,AB-BA,0,21,21,0.0,0.23,0.23,0.41,0.0,0.41,0.41,0.0,0.41
11,2,AB-BY,0,0,0,0.0,0.0,0.0,0.0,0.0,0.0,0.0,0.0,0.0
11,2,AB-X0,2,5,3,0.02,0.05,0.030000000000000002,-0.1,0.2,0.1,-0.1,0.2,0.1
11,2,AB-XA,0,8,8,0.0,0.09,0.09,0.16,0.0,0.16,0.16,0.0,0.16
11,2,AB-XB,0,0,0,0.0,0.0,0.0,0.0,0.0,0.0,0.0,0.0,0.0
11,2,AB-XY,0,0,0,0.0,0.0,0.0,0.0,0.0,0.0,0.0,0.0,0.0
11,3,A0-AY,0,0,0,0.0,0.0,0.0,0.0,0.0,0.0,0.0,0.0,0.0
11,3,A0-X0,71,16,-55,0.76,0.17,-0.59,-0.44,0.87,0.43,-0.44,0.87,0.43
11,3,A0-XA,11,21,10,0.12,0.23,0.11000000000000001,0.43999999999999995,0.13,0.57,0.43999999999999995,0.13,0.57
11,3,A0-XY,0,0,0,0.0,0.0,0.0,0.0,0.0,0.0,0.0,0.0,0.0
11,3,AB-A0,0,0,0,0.0,0.0,0.0,0.0,0.0,0.0,0.0,0.0,0.0
11,3,AB-AY,0,0,0,0.0,0.0,0.0,0.0,0.0,0.0,0.0,0.0,0.0
11,3,AB-B0,10,19,9,0.11,0.2,0.09000000000000001,-0.5700000000000001,0.91,0.34,-0.5700000000000001,0.91,0.34
11,3,AB-BA,0,26,26,0.0,0.28,0.28,0.46,0.0,0.46,0.46,0.0,0.46
11,3,AB-BY,0,0,0,0.0,0.0,0.0,0.0,0.0,0.0,0.0,0.0,0.0
11,3,AB-X0,1,1,0,0.01,0.01,0.0,-0.06999999999999999,0.09,0.02,-0.06999999999999999,0.09,0.02
11,3,AB-XA,0,10,10,0.0,0.11,0.11,0.18,0.0,0.18,0.18,0.0,0.18
11,3,AB-XB,0,0,0,0.0,0.0,0.0,0.0,0.0,0.0,0.0,0.0,0.0
11,3,AB-XY,0,0,0,0.0,0.0,0.0,0.0,0.0,0.0,0.0,0.0,0.0
12,1,A0-AY,0,0,0,0.0,0.0,0.0,0.0,0.0,0.0,0.0,0.0,0.0
12,1,A0-X0,67,5,-62,0.74,0.05,-0.69,-0.59,0.85,0.26,-0.59,0.85,0.26
12,1,A0-XA,12,14,2,0.13,0.15,0.01999999999999999,0.59,0.15,0.74,0.59,0.15,0.74
12,1,A0-XY,0,0,0,0.0,0.0,0.0,0.0,0.0,0.0,0.0,0.0,0.0
12,1,AB-A0,0,0,0,0.0,0.0,0.0,0.0,0.0,0.0,0.0,0.0,0.0
12,1,AB-AY,0,0,0,0.0,0.0,0.0,0.0,0.0,0.0,0.0,0.0,0.0
12,1,AB-B0,12,1,-11,0.13,0.01,-0.12000000000000001,-0.99,1.0,0.01,-0.99,1.0,0.01
12,1,AB-BA,0,20,20,0.0,0.22,0.22,0.28,0.0,0.28,0.28,0.0,0.28
12,1,AB-BY,0,0,0,0.0,0.0,0.0,0.0,0.0,0.0,0.0,0.0,0.0
12,1,AB-X0,0,5,5,0.0,0.05,0.05,0.07,0.0,0.07,0.07,0.0,0.07
12,1,AB-XA,0,46,46,0.0,0.51,0.51,0.64,0.0,0.64,0.64,0.0,0.64
12,1,AB-XB,0,0,0,0.0,0.0,0.0,0.0,0.0,0.0,0.0,0.0,0.0
12,1,AB-XY,0,0,0,0.0,0.0,0.0,0.0,0.0,0.0,0.0,0.0,0.0
12,2,A0-AY,0,0,0,0.0,0.0,0.0,0.0,0.0,0.0,0.0,0.0,0.0
12,2,A0-X0,57,1,-56,0.62,0.01,-0.61,-0.5700000000000001,0.77,0.2,-0.5700000000000001,0.77,0.2
12,2,A0-XA,17,4,-13,0.18,0.04,-0.13999999999999999,0.5700000000000001,0.23,0.8,0.5700000000000001,0.23,0.8
12,2,A0-XY,0,0,0,0.0,0.0,0.0,0.0,0.0,0.0,0.0,0.0,0.0
12,2,AB-A0,0,0,0,0.0,0.0,0.0,0.0,0.0,0.0,0.0,0.0,0.0
12,2,AB-AY,0,0,0,0.0,0.0,0.0,0.0,0.0,0.0,0.0,0.0,0.0
12,2,AB-B0,16,2,-14,0.17,0.02,-0.15000000000000002,-0.87,0.89,0.02,-0.87,0.89,0.02
12,2,AB-BA,0,18,18,0.0,0.2,0.2,0.21,0.0,0.21,0.21,0.0,0.21
12,2,AB-BY,0,0,0,0.0,0.0,0.0,0.0,0.0,0.0,0.0,0.0,0.0
12,2,AB-X0,1,10,9,0.01,0.11,0.1,0.05,0.06,0.11,0.05,0.06,0.11
12,2,AB-XA,1,57,56,0.01,0.62,0.61,0.6000000000000001,0.06,0.66,0.6000000000000001,0.06,0.66
12,2,AB-XB,0,0,0,0.0,0.0,0.0,0.0,0.0,0.0,0.0,0.0,0.0
12,2,AB-XY,0,0,0,0.0,0.0,0.0,0.0,0.0,0.0,0.0,0.0,0.0
12,3,A0-AY,0,0,0,0.0,0.0,0.0,0.0,0.0,0.0,0.0,0.0,0.0
12,3,A0-X0,82,21,-61,0.89,0.23,-0.66,-0.45999999999999996,0.94,0.48,-0.45999999999999996,0.94,0.48
12,3,A0-XA,5,23,18,0.05,0.25,0.2,0.46,0.06,0.52,0.46,0.06,0.52
12,3,A0-XY,0,0,0,0.0,0.0,0.0,0.0,0.0,0.0,0.0,0.0,0.0
12,3,AB-A0,0,0,0,0.0,0.0,0.0,0.0,0.0,0.0,0.0,0.0,0.0
12,3,AB-AY,0,0,0,0.0,0.0,0.0,0.0,0.0,0.0,0.0,0.0,0.0
12,3,AB-B0,5,9,4,0.05,0.1,0.05,-0.81,1.0,0.19,-0.81,1.0,0.19
12,3,AB-BA,0,16,16,0.0,0.17,0.17,0.33,0.0,0.33,0.33,0.0,0.33
12,3,AB-BY,0,0,0,0.0,0.0,0.0,0.0,0.0,0.0,0.0,0.0,0.0
12,3,AB-X0,0,7,7,0.0,0.08,0.08,0.15,0.0,0.15,0.15,0.0,0.15
12,3,AB-XA,0,16,16,0.0,0.17,0.17,0.33,0.0,0.33,0.33,0.0,0.33
12,3,AB-XB,0,0,0,0.0,0.0,0.0,0.0,0.0,0.0,0.0,0.0,0.0
12,3,AB-XY,0,0,0,0.0,0.0,0.0,0.0,0.0,0.0,0.0,0.0,0.0
13,1,A0-AY,0,0,0,0.0,0.0,0.0,0.0,0.0,0.0,0.0,0.0,0.0
13,1,A0-X0,64,14,-50,0.8,0.18,-0.6200000000000001,-0.6000000000000001,0.89,0.29,-0.6000000000000001,0.89,0.29
13,1,A0-XA,8,34,26,0.1,0.42,0.31999999999999995,0.6,0.11,0.71,0.6,0.11,0.71
13,1,A0-XY,0,0,0,0.0,0.0,0.0,0.0,0.0,0.0,0.0,0.0,0.0
13,1,AB-A0,0,0,0,0.0,0.0,0.0,0.0,0.0,0.0,0.0,0.0,0.0
13,1,AB-AY,0,0,0,0.0,0.0,0.0,0.0,0.0,0.0,0.0,0.0,0.0
13,1,AB-B0,7,32,25,0.09,0.4,0.31000000000000005,0.12,0.88,1.0,0.12,0.88,1.0
13,1,AB-BA,0,0,0,0.0,0.0,0.0,0.0,0.0,0.0,0.0,0.0,0.0
13,1,AB-BY,0,0,0,0.0,0.0,0.0,0.0,0.0,0.0,0.0,0.0,0.0
13,1,AB-X0,1,0,-1,0.01,0.0,-0.01,-0.12,0.12,0.0,-0.12,0.12,0.0
13,1,AB-XA,0,0,0,0.0,0.0,0.0,0.0,0.0,0.0,0.0,0.0,0.0
13,1,AB-XB,0,0,0,0.0,0.0,0.0,0.0,0.0,0.0,0.0,0.0,0.0
13,1,AB-XY,0,0,0,0.0,0.0,0.0,0.0,0.0,0.0,0.0,0.0,0.0
13,2,A0-AY,0,0,0,0.0,0.0,0.0,0.0,0.0,0.0,0.0,0.0,0.0
13,2,A0-X0,58,21,-37,0.72,0.26,-0.45999999999999996,-0.36,0.83,0.47,-0.36,0.83,0.47
13,2,A0-XA,12,24,12,0.15,0.3,0.15,0.36,0.17,0.53,0.36,0.17,0.53
13,2,A0-XY,0,0,0,0.0,0.0,0.0,0.0,0.0,0.0,0.0,0.0,0.0
13,2,AB-A0,0,0,0,0.0,0.0,0.0,0.0,0.0,0.0,0.0,0.0,0.0
13,2,AB-AY,0,0,0,0.0,0.0,0.0,0.0,0.0,0.0,0.0,0.0,0.0
13,2,AB-B0,9,15,6,0.11,0.19,0.08,-0.39999999999999997,0.82,0.42,-0.39999999999999997,0.82,0.42
13,2,AB-BA,0,11,11,0.0,0.14,0.14,0.31,0.0,0.31,0.31,0.0,0.31
13,2,AB-BY,0,0,0,0.0,0.0,0.0,0.0,0.0,0.0,0.0,0.0,0.0
13,2,AB-X0,2,3,1,0.02,0.04,0.02,-0.09999999999999999,0.18,0.08,-0.09999999999999999,0.18,0.08
13,2,AB-XA,0,7,7,0.0,0.09,0.09,0.19,0.0,0.19,0.19,0.0,0.19
13,2,AB-XB,0,0,0,0.0,0.0,0.0,0.0,0.0,0.0,0.0,0.0,0.0
13,2,AB-XY,0,0,0,0.0,0.0,0.0,0.0,0.0,0.0,0.0,0.0,0.0
13,3,A0-AY,0,0,0,0.0,0.0,0.0,0.0,0.0,0.0,0.0,0.0,0.0
13,3,A0-X0,72,14,-58,0.89,0.17,-0.72,-0.59,0.95,0.36,-0.59,0.95,0.36
13,3,A0-XA,4,25,21,0.05,0.31,0.26,0.59,0.05,0.64,0.59,0.05,0.64
13,3,A0-XY,0,0,0,0.0,0.0,0.0,0.0,0.0,0.0,0.0,0.0,0.0
13,3,AB-A0,0,0,0,0.0,0.0,0.0,0.0,0.0,0.0,0.0,0.0,0.0
13,3,AB-AY,0,0,0,0.0,0.0,0.0,0.0,0.0,0.0,0.0,0.0,0.0
13,3,AB-B0,5,27,22,0.06,0.33,0.27,-0.36,1.0,0.64,-0.36,1.0,0.64
13,3,AB-BA,0,5,5,0.0,0.06,0.06,0.12,0.0,0.12,0.12,0.0,0.12
13,3,AB-BY,0,0,0,0.0,0.0,0.0,0.0,0.0,0.0,0.0,0.0,0.0
13,3,AB-X0,0,1,1,0.0,0.01,0.01,0.02,0.0,0.02,0.02,0.0,0.02
13,3,AB-XA,0,9,9,0.0,0.11,0.11,0.21,0.0,0.21,0.21,0.0,0.21
13,3,AB-XB,0,0,0,0.0,0.0,0.0,0.0,0.0,0.0,0.0,0.0,0.0
13,3,AB-XY,0,0,0,0.0,0.0,0.0,0.0,0.0,0.0,0.0,0.0,0.0
14,1,A0-AY,0,0,0,0.0,0.0,0.0,0.0,0.0,0.0,0.0,0.0,0.0
14,1,A0-X0,73,59,-14,0.9,0.77,-0.13,-0.07999999999999996,0.95,0.87,-0.07999999999999996,0.95,0.87
14,1,A0-XA,4,9,5,0.05,0.12,0.06999999999999999,0.08,0.05,0.13,0.08,0.05,0.13
14,1,A0-XY,0,0,0,0.0,0.0,0.0,0.0,0.0,0.0,0.0,0.0,0.0
14,1,AB-A0,0,0,0,0.0,0.0,0.0,0.0,0.0,0.0,0.0,0.0,0.0
14,1,AB-AY,0,0,0,0.0,0.0,0.0,0.0,0.0,0.0,0.0,0.0,0.0
14,1,AB-B0,4,8,4,0.05,0.1,0.05,-0.10999999999999999,1.0,0.89,-0.10999999999999999,1.0,0.89
14,1,AB-BA,0,0,0,0.0,0.0,0.0,0.0,0.0,0.0,0.0,0.0,0.0
14,1,AB-BY,0,0,0,0.0,0.0,0.0,0.0,0.0,0.0,0.0,0.0,0.0
14,1,AB-X0,0,1,1,0.0,0.01,0.01,0.11,0.0,0.11,0.11,0.0,0.11
14,1,AB-XA,0,0,0,0.0,0.0,0.0,0.0,0.0,0.0,0.0,0.0,0.0
14,1,AB-XB,0,0,0,0.0,0.0,0.0,0.0,0.0,0.0,0.0,0.0,0.0
14,1,AB-XY,0,0,0,0.0,0.0,0.0,0.0,0.0,0.0,0.0,0.0,0.0
14,2,A0-AY,0,0,0,0.0,0.0,0.0,0.0,0.0,0.0,0.0,0.0,0.0
14,2,A0-X0,81,46,-35,0.98,0.58,-0.4,-0.20999999999999996,0.99,0.78,-0.20999999999999996,0.99,0.78
14,2,A0-XA,1,13,12,0.01,0.16,0.15,0.21,0.01,0.22,0.21,0.01,0.22
14,2,A0-XY,0,0,0,0.0,0.0,0.0,0.0,0.0,0.0,0.0,0.0,0.0
14,2,AB-A0,0,1,1,0.0,0.01,0.01,0.0,0.0,0.0,0.05,0.0,0.05
14,2,AB-AY,0,0,0,0.0,0.0,0.0,0.0,0.0,0.0,0.0,0.0,0.0
14,2,AB-B0,1,10,9,0.01,0.13,0.12000000000000001,-0.47,1.0,0.53,-0.5,1.0,0.5
14,2,AB-BA,0,5,5,0.0,0.06,0.06,0.26,0.0,0.26,0.25,0.0,0.25
14,2,AB-BY,0,0,0,0.0,0.0,0.0,0.0,0.0,0.0,0.0,0.0,0.0
14,2,AB-X0,0,3,3,0.0,0.04,0.04,0.16,0.0,0.16,0.15,0.0,0.15
14,2,AB-XA,0,1,1,0.0,0.01,0.01,0.05,0.0,0.05,0.05,0.0,0.05
14,2,AB-XB,0,0,0,0.0,0.0,0.0,0.0,0.0,0.0,0.0,0.0,0.0
14,2,AB-XY,0,0,0,0.0,0.0,0.0,0.0,0.0,0.0,0.0,0.0,0.0
14,3,A0-AY,0,0,0,0.0,0.0,0.0,0.0,0.0,0.0,0.0,0.0,0.0
14,3,A0-X0,75,45,-30,0.9,0.57,-0.33000000000000007,-0.16999999999999993,0.95,0.78,-0.16999999999999993,0.95,0.78
14,3,A0-XA,4,13,9,0.05,0.16,0.11,0.16999999999999998,0.05,0.22,0.16999999999999998,0.05,0.22
14,3,A0-XY,0,0,0,0.0,0.0,0.0,0.0,0.0,0.0,0.0,0.0,0.0
14,3,AB-A0,0,1,1,0.0,0.01,0.01,0.0,0.0,0.0,0.05,0.0,0.05
14,3,AB-AY,0,0,0,0.0,0.0,0.0,0.0,0.0,0.0,0.0,0.0,0.0
14,3,AB-B0,2,14,12,0.02,0.18,0.16,0.19999999999999996,0.5,0.7,0.17000000000000004,0.5,0.67
14,3,AB-BA,0,3,3,0.0,0.04,0.04,0.15,0.0,0.15,0.14,0.0,0.14
14,3,AB-BY,0,0,0,0.0,0.0,0.0,0.0,0.0,0.0,0.0,0.0,0.0
14,3,AB-X0,2,1,-1,0.02,0.01,-0.01,-0.45,0.5,0.05,-0.45,0.5,0.05
14,3,AB-XA,0,2,2,0.0,0.03,0.03,0.1,0.0,0.1,0.1,0.0,0.1
14,3,AB-XB,0,0,0,0.0,0.0,0.0,0.0,0.0,0.0,0.0,0.0,0.0
14,3,AB-XY,0,0,0,0.0,0.0,0.0,0.0,0.0,0.0,0.0,0.0,0.0
